{
   "firmware_config" : {
      "remap_channel_13" : 6,
      "remap_channel_14" : 7,
      "remap_channel_15" : 8,
      "remap_channel_16" : 9,
      "remap_channel_17" : 10,
      "remap_channel_23" : 11,
      "remap_channel_24" : 12,
      "remap_channel_25" : 13,
      "remap_channel_26" : 14,
      "remap_channel_27" : 15,
      "remap_channel_28" : 16,
      "remap_channel_29" : 17,
      "remap_channel_4" : 2,
      "remap_channel_5" : 3,
      "remap_channel_6" : 4,
      "remap_channel_7" : 5,
      "sensor_enable" : "0xFFFFFFFF",
      "sensor_env_on_pin_a" : "0xFFFFFF00",
	  "mapped_input" : true
   },
   "head" : {
      "plus_x" : [ 0, 0, 1 ],
      "plus_z" : [ 0, 1, 0 ],
      "position" : [ 0, 0, 0 ]
   },
   "imu" : {
      "plus_x" : [ 0.040157785345831698, -0.031960816476036769, -0.99868207493931216 ],
      "plus_z" : [ 0.78140480358183417, -0.62191029879265614, 0.051323885123897739 ],
      "position" : [ -0.0024401757400482893, -0.010472819209098816, 0.014289959333837032 ]
   },
   "lighthouse_config" : {
      "channelMap" : [ 9, 10, 11, 12, 13, 14, 15, 16, 17, 0, 1, 2, 3, 4, 5, 6, 7, 8 ],
      "modelNormals" : [
         [ -0.701289654, 0.0858565271, 0.707687378 ],
         [ 0.0331553407, 0.998586297, 0.0415471457 ],
         [ -0.0271429475, 0.99875164, 0.041934073 ],
         [ -0.499308169, 0.500690877, 0.707106769 ],
         [ -0.99875164, 0.0271429475, 0.041934073 ],
         [ -0.998586297, -0.0331553407, 0.0415471457 ],
         [ -0.396552056, 0.915698946, 0.0651297346 ],
         [ -0.809017003, 1.79629523e-16, 0.587785244 ],
         [ 0.00223558443, -0.808403313, 0.588624775 ],
         [ 0.676755309, -0.202930525, 0.707687378 ],
         [ -0.0331553407, -0.998586297, 0.0415471457 ],
         [ 0.0271429475, -0.99875164, 0.041934073 ],
         [ 0.502069771, -0.497921646, 0.707106769 ],
         [ 0.99875164, -0.0271429475, 0.041934073 ],
         [ 0.998586297, 0.0331553407, 0.0415471457 ],
         [ 0.396552056, -0.915698946, 0.0651297346 ],
         [ 0.809017003, 1.49383842e-16, 0.587785244 ],
         [ 0.00222941348, 0.806171894, 0.591677189 ]
      ],
      "modelPoints" : [
         [ 0.00352231367, 0.0195693932, 0.010812643 ],
         [ 0.0129680429, 0.0234228354, 0.00302766939 ],
         [ -0.0103514399, 0.0243267994, 0.0023649307 ],
         [ -0.0191518422, 0.0188610312, 0.00581320142 ],
         [ -0.0244698282, 0.0104151983, 0.00243826001 ],
         [ -0.0242807344, -0.0127437245, 0.00409914227 ],
         [ -0.0155321201, -0.00695314957, 0.0220651086 ],
         [ -0.0206566956, -0.0126654292, 0.0213818755 ],
         [ -0.0138245765, -0.0208592508, 0.0207611062 ],
         [ -0.00302204071, -0.0197181124, 0.011158023 ],
         [ -0.0127879307, -0.0239063539, 0.0027603386 ],
         [ 0.0103851007, -0.0244518593, 0.00215633214 ],
         [ 0.0192624722, -0.0186588261, 0.00573108997 ],
         [ 0.0242668297, -0.0103375409, 0.00252858805 ],
         [ 0.023783382, 0.0128678577, 0.00402734987 ],
         [ 0.0153887887, 0.0075762081, 0.0219695792 ],
         [ 0.0205685589, 0.0125351259, 0.0215282142 ],
         [ 0.0131966649, 0.0203820597, 0.0214259923 ]
      ]
   },
   "device_class" : "controller",
   "device_serial_number" : "LHR-F7EE4E80",
   "manufacturer" : "Tundra Labs",
   "model_number" : "Tundra Hand Controller",
   "render_model" : "{tmi_hand_controller}/tmi_hand_controller",
   "resource_root" : "tmi_hand_controller",
   "input_profile" : "{tmi_hand_controller}/input/tmi_hand_controller_profile.json",
   "revision" : 1
}
